epoch,time,train/box_loss,train/cls_loss,train/dfl_loss,metrics/precision(B),metrics/recall(B),metrics/mAP50(B),metrics/mAP50-95(B),val/box_loss,val/cls_loss,val/dfl_loss,lr/pg0,lr/pg1,lr/pg2
1,2.1785,1.53496,3.83848,1.69205,0.00321,1,0.02901,0.01066,0.79188,3.27823,1.13406,0.00012,0.00012,0.00012
2,3.77265,0.67363,2.34821,0.96066,1,0.75899,0.995,0.87262,0.47254,1.92289,0.81541,0.000257426,0.000257426,0.000257426
3,5.33959,0.48582,1.1021,0.83366,1,0.92705,0.995,0.87611,0.45315,2.01869,0.81301,0.00039208,0.00039208,0.00039208
4,6.89621,0.44905,1.04344,0.83045,1,0.72812,0.97461,0.87394,0.43322,2.08132,0.8387,0.000523962,0.000523962,0.000523962
5,8.42914,0.42658,0.87775,0.81278,0.99891,1,0.995,0.9189,0.50576,1.569,0.81872,0.000653072,0.000653072,0.000653072
6,10.0123,0.43519,0.85981,0.84536,0.99505,1,0.995,0.90221,0.46433,1.18187,0.81493,0.00077941,0.00077941,0.00077941
7,11.5514,0.40101,0.78736,0.81915,0.99732,1,0.995,0.93809,0.42757,1.14533,0.81388,0.000902976,0.000902976,0.000902976
8,13.0852,0.39052,0.75315,0.83728,0.99602,1,0.995,0.91917,0.38752,1.08519,0.80582,0.00102377,0.00102377,0.00102377
9,14.555,0.40706,0.74649,0.8376,0.96093,1,0.995,0.92284,0.40428,0.86696,0.80965,0.00114179,0.00114179,0.00114179
10,16.0797,0.40678,0.67701,0.84723,0.99481,1,0.995,0.91287,0.39955,0.93298,0.81709,0.00125704,0.00125704,0.00125704
11,17.5746,0.37076,0.63183,0.82442,0.99716,1,0.995,0.9435,0.34315,0.93479,0.80886,0.00136952,0.00136952,0.00136952
12,19.0815,0.37114,0.61455,0.81041,0.99705,1,0.995,0.89683,0.44691,0.76938,0.83776,0.00147923,0.00147923,0.00147923
13,20.5799,0.39267,0.61876,0.82754,0.99138,1,0.995,0.93085,0.39707,0.69956,0.81833,0.00158616,0.00158616,0.00158616
14,22.0781,0.39025,0.58012,0.80558,0.99616,1,0.995,0.89798,0.49977,0.51212,0.83098,0.00169032,0.00169032,0.00169032
15,23.5567,0.39465,0.59373,0.82244,0.99744,1,0.995,0.93349,0.33396,0.43978,0.81949,0.0017228,0.0017228,0.0017228
16,25.0624,0.38507,0.58622,0.82703,0.99259,1,0.995,0.91624,0.41267,0.45691,0.83138,0.001703,0.001703,0.001703
17,26.4866,0.369,0.52079,0.84877,1,0.98979,0.995,0.94245,0.29427,0.4829,0.81681,0.0016832,0.0016832,0.0016832
18,27.7993,0.34753,0.49163,0.82296,0.9976,1,0.995,0.97484,0.37002,0.43102,0.8165,0.0016634,0.0016634,0.0016634
19,29.1599,0.3567,0.49267,0.81664,0.99759,1,0.995,0.96157,0.30328,0.38036,0.81228,0.0016436,0.0016436,0.0016436
20,30.4602,0.35098,0.47412,0.81352,0.99786,1,0.995,0.91653,0.36294,0.39421,0.82038,0.0016238,0.0016238,0.0016238
21,31.69,0.35585,0.47008,0.82142,0.99795,1,0.995,0.96947,0.31058,0.36685,0.80876,0.001604,0.001604,0.001604
22,33.0098,0.33448,0.43411,0.80858,0.95711,1,0.99346,0.95395,0.33701,0.40013,0.81635,0.0015842,0.0015842,0.0015842
23,34.2649,0.3326,0.41361,0.81262,0.99297,0.96,0.99071,0.93537,0.34432,0.45233,0.81984,0.0015644,0.0015644,0.0015644
24,35.529,0.34389,0.43687,0.82303,0.99709,1,0.995,0.95283,0.28366,0.38453,0.80902,0.0015446,0.0015446,0.0015446
25,36.7667,0.33034,0.42549,0.82042,0.99495,0.96,0.98625,0.95669,0.31397,0.4305,0.81711,0.0015248,0.0015248,0.0015248
26,38.0152,0.32185,0.41706,0.82042,0.99563,0.96,0.98948,0.97069,0.28502,0.4093,0.81278,0.001505,0.001505,0.001505
27,39.2614,0.29723,0.37366,0.80356,0.99507,0.96,0.98726,0.96531,0.26116,0.3738,0.80931,0.0014852,0.0014852,0.0014852
28,40.5507,0.2963,0.36805,0.80934,1,0.9906,0.995,0.96366,0.24101,0.34382,0.81932,0.0014654,0.0014654,0.0014654
29,41.8028,0.30453,0.37892,0.81074,0.99738,1,0.995,0.97126,0.29738,0.31272,0.81633,0.0014456,0.0014456,0.0014456
30,43.0746,0.31057,0.35726,0.81003,0.99697,1,0.995,0.99052,0.24431,0.31399,0.80319,0.0014258,0.0014258,0.0014258
31,44.3336,0.31155,0.3555,0.82343,0.99758,1,0.995,0.98583,0.25195,0.29377,0.80416,0.001406,0.001406,0.001406
32,45.5953,0.27961,0.33601,0.81561,0.99711,1,0.995,0.991,0.22786,0.28935,0.79351,0.0013862,0.0013862,0.0013862
33,46.8166,0.28056,0.30519,0.8018,0.99787,1,0.995,0.9778,0.29818,0.31816,0.801,0.0013664,0.0013664,0.0013664
34,48.0634,0.29663,0.33799,0.80688,0.9978,1,0.995,0.98617,0.26278,0.29469,0.80783,0.0013466,0.0013466,0.0013466
35,49.3118,0.27571,0.33243,0.80501,0.9979,1,0.995,0.98956,0.2583,0.29432,0.80889,0.0013268,0.0013268,0.0013268
36,50.5759,0.26457,0.30221,0.80562,0.9981,1,0.995,0.995,0.25675,0.2683,0.8035,0.001307,0.001307,0.001307
37,51.8675,0.27244,0.32274,0.82181,0.9983,1,0.995,0.9822,0.22113,0.22948,0.80185,0.0012872,0.0012872,0.0012872
38,53.1695,0.2748,0.30836,0.80108,0.99865,1,0.995,0.97118,0.26719,0.27085,0.81035,0.0012674,0.0012674,0.0012674
39,54.4268,0.26583,0.29511,0.79598,0.99809,1,0.995,0.98283,0.23019,0.23437,0.80456,0.0012476,0.0012476,0.0012476
40,55.6687,0.26251,0.28794,0.80468,0.9979,1,0.995,0.98533,0.23302,0.22199,0.80031,0.0012278,0.0012278,0.0012278
41,56.8829,0.26011,0.28801,0.80974,0.99745,1,0.995,0.98876,0.24171,0.27227,0.79792,0.001208,0.001208,0.001208
42,58.1343,0.25757,0.28143,0.80657,0.99708,1,0.995,0.995,0.20266,0.20549,0.79205,0.0011882,0.0011882,0.0011882
43,59.3739,0.25,0.27057,0.79237,0.99727,1,0.995,0.98892,0.20582,0.2264,0.79435,0.0011684,0.0011684,0.0011684
44,60.6097,0.24508,0.26579,0.78554,0.9976,1,0.995,0.979,0.21683,0.22645,0.7961,0.0011486,0.0011486,0.0011486
45,61.8632,0.24007,0.26629,0.79781,0.99788,1,0.995,0.991,0.20533,0.2152,0.79682,0.0011288,0.0011288,0.0011288
46,63.1396,0.23404,0.26082,0.79832,0.99808,1,0.995,0.995,0.21734,0.22269,0.79768,0.001109,0.001109,0.001109
47,64.3941,0.24409,0.25786,0.8006,0.99806,1,0.995,0.9902,0.21967,0.2232,0.7998,0.0010892,0.0010892,0.0010892
48,65.6995,0.23246,0.24907,0.79754,0.99808,1,0.995,0.995,0.19765,0.22807,0.79892,0.0010694,0.0010694,0.0010694
49,66.9547,0.23475,0.25581,0.8037,0.99804,1,0.995,0.98633,0.20975,0.23307,0.79875,0.0010496,0.0010496,0.0010496
50,68.2691,0.22065,0.24499,0.80605,0.99786,1,0.995,0.995,0.22097,0.23377,0.80499,0.0010298,0.0010298,0.0010298
51,69.5406,0.24056,0.24957,0.80173,0.9979,1,0.995,0.991,0.20716,0.2337,0.8006,0.00101,0.00101,0.00101
52,70.7831,0.23662,0.25152,0.79431,0.99795,1,0.995,0.99084,0.20875,0.20973,0.79366,0.0009902,0.0009902,0.0009902
53,71.9965,0.23515,0.24697,0.79513,0.99795,1,0.995,0.98583,0.19759,0.21019,0.79555,0.0009704,0.0009704,0.0009704
54,73.2562,0.22601,0.23469,0.79025,0.99795,1,0.995,0.995,0.19074,0.2094,0.79756,0.0009506,0.0009506,0.0009506
55,74.5178,0.21789,0.23194,0.79001,0.99795,1,0.995,0.98284,0.20899,0.21546,0.79997,0.0009308,0.0009308,0.0009308
56,75.7884,0.23967,0.24439,0.81069,0.99782,1,0.995,0.99068,0.19867,0.19403,0.79968,0.000911,0.000911,0.000911
57,77.0356,0.24151,0.24177,0.79842,0.99781,1,0.995,0.99084,0.21045,0.19014,0.80177,0.0008912,0.0008912,0.0008912
58,78.3258,0.22325,0.23125,0.79251,0.99749,1,0.995,0.995,0.18964,0.19389,0.79417,0.0008714,0.0008714,0.0008714
59,79.5678,0.23886,0.23296,0.80905,0.99524,1,0.995,0.995,0.17249,0.18541,0.79556,0.0008516,0.0008516,0.0008516
60,80.8237,0.22611,0.22766,0.79766,0.99745,1,0.995,0.98547,0.19346,0.17046,0.79624,0.0008318,0.0008318,0.0008318
61,82.0574,0.23305,0.23688,0.80737,0.9979,1,0.995,0.995,0.18962,0.21463,0.79159,0.000812,0.000812,0.000812
62,83.3193,0.20113,0.21814,0.79288,0.99795,1,0.995,0.995,0.1954,0.20011,0.78983,0.0007922,0.0007922,0.0007922
63,84.624,0.22313,0.22934,0.80064,0.99794,1,0.995,0.995,0.17803,0.20416,0.79047,0.0007724,0.0007724,0.0007724
64,85.8867,0.22458,0.23055,0.81348,0.99796,1,0.995,0.99084,0.17098,0.20288,0.7898,0.0007526,0.0007526,0.0007526
65,87.1534,0.21878,0.22563,0.79675,0.99796,1,0.995,0.98683,0.18071,0.19991,0.79366,0.0007328,0.0007328,0.0007328
66,88.4432,0.20567,0.21773,0.797,0.99801,1,0.995,0.991,0.18071,0.18591,0.79218,0.000713,0.000713,0.000713
67,89.7354,0.19669,0.20587,0.79464,0.99806,1,0.995,0.98988,0.18662,0.19418,0.79169,0.0006932,0.0006932,0.0006932
68,90.9932,0.20175,0.20666,0.80029,0.99809,1,0.995,0.975,0.20593,0.19671,0.80434,0.0006734,0.0006734,0.0006734
69,92.2501,0.21735,0.22113,0.80123,0.99811,1,0.995,0.987,0.16793,0.1989,0.79327,0.0006536,0.0006536,0.0006536
70,93.5553,0.2195,0.21723,0.80416,0.99789,1,0.995,0.98668,0.18956,0.1856,0.79348,0.0006338,0.0006338,0.0006338
71,94.8295,0.20027,0.19888,0.79357,0.99785,1,0.995,0.995,0.17813,0.18475,0.79021,0.000614,0.000614,0.000614
72,96.1178,0.20385,0.20402,0.80662,0.99794,1,0.995,0.98667,0.17902,0.18093,0.793,0.0005942,0.0005942,0.0005942
73,97.3485,0.19311,0.20264,0.78653,0.99796,1,0.995,0.99052,0.16405,0.16845,0.791,0.0005744,0.0005744,0.0005744
74,98.6242,0.19697,0.19419,0.78646,0.99794,1,0.995,0.99052,0.15552,0.1566,0.79,0.0005546,0.0005546,0.0005546
75,99.8696,0.19305,0.20058,0.79903,0.99797,1,0.995,0.995,0.15644,0.15087,0.79112,0.0005348,0.0005348,0.0005348
76,101.136,0.17975,0.18748,0.79764,0.99799,1,0.995,0.99068,0.15993,0.14507,0.79121,0.000515,0.000515,0.000515
77,102.397,0.19144,0.18666,0.79649,0.99797,1,0.995,0.995,0.16019,0.14591,0.79259,0.0004952,0.0004952,0.0004952
78,103.645,0.19182,0.1933,0.79577,0.99797,1,0.995,0.995,0.15573,0.15208,0.79058,0.0004754,0.0004754,0.0004754
79,104.884,0.18083,0.18714,0.80069,0.99793,1,0.995,0.995,0.15804,0.15863,0.79159,0.0004556,0.0004556,0.0004556
80,106.142,0.18194,0.18639,0.79575,0.99797,1,0.995,0.995,0.15492,0.14822,0.79138,0.0004358,0.0004358,0.0004358
81,107.366,0.18867,0.19384,0.80598,0.99796,1,0.995,0.995,0.14841,0.13772,0.79313,0.000416,0.000416,0.000416
82,108.652,0.18214,0.18512,0.80571,0.99797,1,0.995,0.99052,0.15134,0.14327,0.79422,0.0003962,0.0003962,0.0003962
83,109.919,0.18334,0.17787,0.79046,0.998,1,0.995,0.995,0.15902,0.13833,0.79427,0.0003764,0.0003764,0.0003764
84,111.172,0.183,0.18365,0.79366,0.99798,1,0.995,0.995,0.14297,0.1373,0.79382,0.0003566,0.0003566,0.0003566
85,112.461,0.18535,0.18117,0.79264,0.99797,1,0.995,0.995,0.14525,0.14668,0.79229,0.0003368,0.0003368,0.0003368
86,113.74,0.17645,0.17944,0.7879,0.99797,1,0.995,0.995,0.15007,0.14604,0.7933,0.000317,0.000317,0.000317
87,115.009,0.19108,0.18661,0.79903,0.99797,1,0.995,0.995,0.16727,0.15542,0.79404,0.0002972,0.0002972,0.0002972
88,116.26,0.16894,0.17157,0.7825,0.99796,1,0.995,0.995,0.16474,0.15243,0.79237,0.0002774,0.0002774,0.0002774
89,117.484,0.16206,0.16862,0.79961,0.99797,1,0.995,0.995,0.15448,0.14754,0.79234,0.0002576,0.0002576,0.0002576
90,118.743,0.16854,0.16598,0.79267,0.99801,1,0.995,0.995,0.14948,0.14113,0.79148,0.0002378,0.0002378,0.0002378
91,124.819,0.14823,0.16138,0.78998,0.99796,1,0.995,0.995,0.17687,0.1464,0.79412,0.000218,0.000218,0.000218
92,126.099,0.15692,0.16528,0.79271,0.99793,1,0.995,0.995,0.14132,0.1409,0.79113,0.0001982,0.0001982,0.0001982
93,127.376,0.15642,0.16433,0.76448,0.99791,1,0.995,0.995,0.14132,0.13857,0.79014,0.0001784,0.0001784,0.0001784
94,128.639,0.14584,0.15996,0.77576,0.9979,1,0.995,0.995,0.15263,0.15418,0.78929,0.0001586,0.0001586,0.0001586
95,129.872,0.14694,0.15171,0.77805,0.9979,1,0.995,0.995,0.15662,0.15562,0.78899,0.0001388,0.0001388,0.0001388
96,131.121,0.13886,0.14962,0.7795,0.99787,1,0.995,0.995,0.15194,0.14765,0.78987,0.000119,0.000119,0.000119
97,132.353,0.14032,0.14779,0.7945,0.99787,1,0.995,0.995,0.15077,0.14621,0.78945,9.92e-05,9.92e-05,9.92e-05
98,133.602,0.12501,0.14288,0.77067,0.9979,1,0.995,0.995,0.142,0.13963,0.78947,7.94e-05,7.94e-05,7.94e-05
99,134.849,0.12925,0.14271,0.77727,0.9979,1,0.995,0.995,0.14042,0.13936,0.78839,5.96e-05,5.96e-05,5.96e-05
100,136.123,0.13212,0.13945,0.76013,0.99791,1,0.995,0.995,0.13576,0.13833,0.78772,3.98e-05,3.98e-05,3.98e-05
